map value,constituency,match,offices,employees,mp,partyAberavon,Aberavon,Aberavon,9,45,Hywel Francis,LabourAberconwy,Aberconwy,Aberconwy,10,50,Guto Bebb,ConservativeAberdeen North,Aberdeen North,Aberdeen North,27,135,Frank Doran,LabourAberdeen South,Aberdeen South,Aberdeen South,20,100,Anne Begg,LabourAirdrie and Shotts,Airdrie and Shotts,Airdrie and Shotts,23,115,Pamela Nash,LabourAldershot,Aldershot,Aldershot,15,75,Gerald Howarth,ConservativeAldridge-Brownhills,Aldridge-Brownhills,Aldridge-Brownhills,8,40,Richard Shepherd,ConservativeAltrincham and Sale West,Altrincham and Sale West,Altrincham and Sale West,11,55,Graham Brady,ConservativeAlyn and Deeside,Alyn and Deeside,Alyn and Deeside,12,60,Mark Tami,LabourAmber Valley,Amber Valley,Amber Valley,10,50,Nigel Mills,ConservativeAngus,Angus,Angus,8,40,Michael Weir,Scottish National PartyArfon,Arfon,Arfon,4,20,Hywel Williams,Plaid CymruArgyll and Bute,Argyll and Bute,Argyll and Bute,6,30,Alan Reid,Liberal DemocratArundel and South Downs,Arundel and South Downs,Arundel and South Downs,6,30,Nick Herbert,ConservativeAshfield,Ashfield,Ashfield,15,75,Gloria De Piero,LabourAshford,Ashford,Ashford,11,55,Damian Green,ConservativeAshton-under-Lyne,Ashton-under-Lyne,Ashton-under-Lyne,19,95,David Heyes,LabourAylesbury,Aylesbury,Aylesbury,10,50,David Lidington,Conservative"Ayr, Carrick and Cumnock","Ayr, Carrick and Cumnock","Ayr, Carrick and Cumnock",25,125,Sandra Osborne,LabourBanbury,Banbury,Banbury,12,60,Tony Baldry,ConservativeBanff and Buchan,Banff and Buchan,Banff and Buchan,8,40,Eilidh Whiteford,Scottish National PartyBarking,Barking,Barking,22,110,Margaret Hodge,LabourBarnsley Central,Barnsley Central,Barnsley Central,18,90,Dan Jarvis,LabourBarnsley East,Barnsley East,Barnsley East,13,65,Michael Dugher,LabourBarrow and Furness,Barrow and Furness,Barrow and Furness,21,105,John Woodcock,LabourBasildon and Billericay,Basildon and Billericay,Basildon and Billericay,11,55,John Baron,ConservativeBasingstoke,Basingstoke,Basingstoke,9,45,Maria Miller,ConservativeBassetlaw,Bassetlaw,Bassetlaw,14,70,John Mann,LabourBath,Bath,Bath,8,40,Don Foster,Liberal DemocratBatley and Spen,Batley and Spen,Batley and Spen,11,55,Mike Wood,LabourBattersea,Battersea,Battersea,22,110,Jane Ellison,ConservativeBeaconsfield,Beaconsfield,Beaconsfield,10,50,Dominic Grieve,ConservativeBeckenham,Beckenham,Beckenham,12,60,Bob Stewart,ConservativeBedford,Bedford,Bedford,17,85,Richard Fuller,ConservativeBelfast East,Belfast East,Belfast East,5,25,Naomi Long,AllianceBelfast North,Belfast North,Belfast North,5,25,Nigel Dodds,DUPBelfast South,Belfast South,Belfast South,5,25,Alasdair McDonnell,Social Democratic and Labour PartyBelfast West,Belfast West,Belfast West,2,10,Paul Maskey,Sinn FeinBermondsey and Old Southwark,Bermondsey and Old Southwark,Bermondsey and Old Southwark,35,175,Simon Hughes,Liberal DemocratBerwick-upon-Tweed,Berwick-upon-Tweed,Berwick-upon-Tweed,5,25,Alan Beith,Liberal Democrat"Berwickshire, Roxburgh and Selkirk","Berwickshire, Roxburgh and Selkirk","Berwickshire, Roxburgh and Selkirk",12,60,Michael Moore,Liberal DemocratBethnal Green and Bow,Bethnal Green and Bow,Bethnal Green and Bow,36,180,Rushanara Ali,LabourBeverley and Holderness,Beverley and Holderness,Beverley and Holderness,8,40,Graham Stuart,ConservativeBexhill and Battle,Bexhill and Battle,Bexhill and Battle,10,50,Gregory Barker,ConservativeBexleyheath and Crayford,Bexleyheath and Crayford,Bexleyheath and Crayford,12,60,David Evennett,ConservativeBirkenhead,Birkenhead,Birkenhead,17,85,Frank Field,Labour"Birmingham, Edgbaston","Birmingham, Edgbaston","Birmingham, Edgbaston",8,40,Gisela Stuart,Labour"Birmingham, Erdington","Birmingham, Erdington","Birmingham, Erdington",19,95,Jack Dromey,Labour"Birmingham, Hall Green","Birmingham, Hall Green","Birmingham, Hall Green",18,90,Roger Godsiff,Labour"Birmingham, Hodge Hill","Birmingham, Hodge Hill","Birmingham, Hodge Hill",17,85,Liam Byrne,Labour"Birmingham, Ladywood","Birmingham, Ladywood","Birmingham, Ladywood",43,215,Shabana Mahmood,Labour"Birmingham, Northfield","Birmingham, Northfield","Birmingham, Northfield",14,70,Richard Burden,Labour"Birmingham, Perry Barr","Birmingham, Perry Barr","Birmingham, Perry Barr",16,80,Khalid Mahmood,Labour"Birmingham, Selly Oak","Birmingham, Selly Oak","Birmingham, Selly Oak",15,75,Stephen McCabe,Labour"Birmingham, Yardley","Birmingham, Yardley","Birmingham, Yardley",22,110,John Hemming,Liberal DemocratBishop Auckland,Bishop Auckland,Bishop Auckland,18,90,Helen Goodman,LabourBlackburn,Blackburn,Blackburn,19,95,Jack Straw,LabourBlackley and Broughton,Blackley and Broughton,Blackley and Broughton,19,95,Graham Stringer,LabourBlackpool North and Cleveleys,Blackpool North and Cleveleys,Blackpool North and Cleveleys,15,75,Paul Maynard,ConservativeBlackpool South,Blackpool South,Blackpool South,30,150,Gordon Marsden,LabourBlaenau Gwent,Blaenau Gwent,Blaenau Gwent,12,60,Nick Smith,LabourBlaydon,Blaydon,Blaydon,15,75,David Anderson,LabourBlyth Valley,Blyth Valley,Blyth Valley,6,30,Ronnie Campbell,LabourBognor Regis and Littlehampton,Bognor Regis and Littlehampton,Bognor Regis and Littlehampton,12,60,Nick Gibb,ConservativeBolsover,Bolsover,Bolsover,6,30,Dennis Skinner,LabourBolton North East,Bolton North East,Bolton North East,14,70,David Crausby,LabourBolton South East,Bolton South East,Bolton South East,22,110,Yasmin Qureshi,LabourBolton West,Bolton West,Bolton West,8,40,Julie Hilling,LabourBootle,Bootle,Bootle,35,175,Joe Benton,LabourBoston and Skegness,Boston and Skegness,Boston and Skegness,14,70,Mark Simmonds,ConservativeBosworth,Bosworth,Bosworth,7,35,David Tredinnick,ConservativeBournemouth East,Bournemouth East,Bournemouth East,14,70,Tobias Ellwood,ConservativeBournemouth West,Bournemouth West,Bournemouth West,19,95,Conor Burns,ConservativeBracknell,Bracknell,Bracknell,7,35,Phillip Lee,ConservativeBradford East,Bradford East,Bradford East,14,70,David Ward,Liberal DemocratBradford South,Bradford South,Bradford South,9,45,Gerry Sutcliffe,LabourBradford West,Bradford West,Bradford West,14,70,George Galloway,RespectBraintree,Braintree,Braintree,8,40,Brooks Newmark,ConservativeBrecon and Radnorshire,Brecon and Radnorshire,Brecon and Radnorshire,3,15,Roger Williams,Liberal DemocratBrent Central,Brent Central,Brent Central,34,170,Sarah Teather,Liberal DemocratBrent North,Brent North,Brent North,32,160,Barry Gardiner,LabourBrentford and Isleworth,Brentford and Isleworth,Brentford and Isleworth,31,155,Mary Macleod,ConservativeBrentwood and Ongar,Brentwood and Ongar,Brentwood and Ongar,9,45,Eric Pickles,ConservativeBridgend,Bridgend,Bridgend,13,65,Madeleine Moon,LabourBridgwater and West Somerset,Bridgwater and West Somerset,Bridgwater and West Somerset,9,45,Ian Liddell-Grainger,ConservativeBrigg and Goole,Brigg and Goole,Brigg and Goole,9,45,Andrew Percy,Conservative"Brighton, Kemptown","Brighton, Kemptown","Brighton, Kemptown",12,60,Simon Kirby,Conservative"Brighton, Pavilion","Brighton, Pavilion","Brighton, Pavilion",24,120,Caroline Lucas,GreenBristol East,Bristol East,Bristol East,8,40,Kerry McCarthy,LabourBristol North West,Bristol North West,Bristol North West,14,70,Charlotte Leslie,ConservativeBristol South,Bristol South,Bristol South,18,90,Dawn Primarolo,LabourBristol West,Bristol West,Bristol West,23,115,Stephen Williams,Liberal DemocratBromley and Chislehurst,Bromley and Chislehurst,Bromley and Chislehurst,12,60,Bob Neill,ConservativeBromsgrove,Bromsgrove,Bromsgrove,7,35,Sajid Javid,ConservativeBroxbourne,Broxbourne,Broxbourne,18,90,Charles Walker,ConservativeBroxtowe,Broxtowe,Broxtowe,8,40,Anna Soubry,ConservativeBuckingham,Buckingham,Buckingham,5,25,John Bercow,SpeakerBurnley,Burnley,Burnley,15,75,Gordon Birtwistle,Liberal DemocratBurton,Burton,Burton,14,70,Andrew Griffiths,ConservativeBury North,Bury North,Bury North,18,90,David Nuttall,ConservativeBury South,Bury South,Bury South,16,80,Ivan Lewis,LabourBury St Edmunds,Bury St Edmunds,Bury St Edmunds,10,50,David Ruffley,ConservativeCaerphilly,Caerphilly,Caerphilly,11,55,Wayne David,Labour"Caithness, Sutherland and Easter Ross","Caithness, Sutherland and Easter Ross","Caithness, Sutherland and Easter Ross",4,20,John Thurso,Liberal DemocratCalder Valley,Calder Valley,Calder Valley,10,50,Craig Whittaker,ConservativeCamberwell and Peckham,Camberwell and Peckham,Camberwell and Peckham,35,175,Harriet Harman,LabourCamborne and Redruth,Camborne and Redruth,Camborne and Redruth,5,25,George Eustice,ConservativeCambridge,Cambridge,Cambridge,17,85,Julian Huppert,Liberal DemocratCannock Chase,Cannock Chase,Cannock Chase,9,45,Aidan Burley,ConservativeCanterbury,Canterbury,Canterbury,11,55,Julian Brazier,ConservativeCardiff Central,Cardiff Central,Cardiff Central,18,90,Jennifer Willott,Liberal DemocratCardiff North,Cardiff North,Cardiff North,11,55,Jonathan Evans,ConservativeCardiff South and Penarth,Cardiff South and Penarth,Cardiff South and Penarth,18,90,Stephen Doughty,LabourCardiff West,Cardiff West,Cardiff West,15,75,Kevin Brennan,LabourCarlisle,Carlisle,Carlisle,14,70,John Stevenson,ConservativeCarmarthen East and Dinefwr,Carmarthen East and Dinefwr,Carmarthen East and Dinefwr,5,25,Jonathan Edwards,Plaid CymruCarmarthen West and South Pembrokeshire,Carmarthen West and South Pembrokeshire,Carmarthen West and South Pembrokeshire,6,30,Simon Hart,ConservativeCarshalton and Wallington,Carshalton and Wallington,Carshalton and Wallington,16,80,Tom Brake,Liberal DemocratCastle Point,Castle Point,Castle Point,8,40,Rebecca Harris,ConservativeCentral Ayrshire,Central Ayrshire,Central Ayrshire,15,75,Brian H Donohoe,LabourCentral Devon,Central Devon,Central Devon,2,10,Mel Stride,ConservativeCentral Suffolk and North Ipswich,Central Suffolk and North Ipswich,Central Suffolk and North Ipswich,4,20,Daniel Poulter,ConservativeCeredigion,Ceredigion,Ceredigion,2,10,Mark Williams,Liberal DemocratCharnwood,Charnwood,Charnwood,9,45,Stephen Dorrell,ConservativeChatham and Aylesford,Chatham and Aylesford,Chatham and Aylesford,9,45,Tracey Crouch,ConservativeCheadle,Cheadle,Cheadle,8,40,Mark Hunter,Liberal DemocratChelmsford,Chelmsford,Chelmsford,14,70,Simon Burns,ConservativeChelsea and Fulham,Chelsea and Fulham,Chelsea and Fulham,19,95,Greg Hands,ConservativeCheltenham,Cheltenham,Cheltenham,16,80,Martin Horwood,Liberal DemocratChesham and Amersham,Chesham and Amersham,Chesham and Amersham,7,35,Cheryl Gillan,ConservativeChesterfield,Chesterfield,Chesterfield,15,75,Toby Perkins,LabourChichester,Chichester,Chichester,6,30,Andrew Tyrie,ConservativeChingford and Woodford Green,Chingford and Woodford Green,Chingford and Woodford Green,15,75,Iain Duncan Smith,ConservativeChippenham,Chippenham,Chippenham,9,45,Duncan Hames,Liberal DemocratChipping Barnet,Chipping Barnet,Chipping Barnet,11,55,Theresa Villiers,ConservativeChorley,Chorley,Chorley,9,45,Lindsay Hoyle,LabourChristchurch,Christchurch,Christchurch,6,30,Christopher Chope,ConservativeCities of London and Westminster,Cities of London and Westminster,Cities of London and Westminster,112,560,Mark Field,ConservativeCity of Chester,City of Chester,City of Chester,19,95,Stephen Mosley,ConservativeCity of Durham,City of Durham,City of Durham,15,75,Roberta Blackman-Woods,LabourClacton,Clacton,Clacton,12,60,Douglas Carswell,ConservativeCleethorpes,Cleethorpes,Cleethorpes,11,55,Martin Vickers,ConservativeClwyd South,Clwyd South,Clwyd South,3,15,Susan Elan Jones,LabourClwyd West,Clwyd West,Clwyd West,7,35,David Jones,Conservative"Coatbridge, Chryston and Bellshill","Coatbridge, Chryston and Bellshill","Coatbridge, Chryston and Bellshill",27,135,Tom Clarke,LabourColchester,Colchester,Colchester,14,70,Bob Russell,Liberal DemocratColne Valley,Colne Valley,Colne Valley,9,45,Jason McCartney,ConservativeCongleton,Congleton,Congleton,9,45,Fiona Bruce,ConservativeCopeland,Copeland,Copeland,18,90,Jamie Reed,LabourCorby,Corby,Corby,15,75,Andy Sawford,LabourCoventry North East,Coventry North East,Coventry North East,17,85,Bob Ainsworth,LabourCoventry North West,Coventry North West,Coventry North West,13,65,Geoffrey Robinson,LabourCoventry South,Coventry South,Coventry South,17,85,Jim Cunningham,LabourCrawley,Crawley,Crawley,14,70,Henry Smith,ConservativeCrewe and Nantwich,Crewe and Nantwich,Crewe and Nantwich,7,35,Edward Timpson,ConservativeCroydon Central,Croydon Central,Croydon Central,26,130,Gavin Barwell,ConservativeCroydon North,Croydon North,Croydon North,25,125,Malcolm Wicks,LabourCroydon South,Croydon South,Croydon South,9,45,Richard Ottaway,Conservative"Cumbernauld, Kilsyth and Kirkintilloch East","Cumbernauld, Kilsyth and Kirkintilloch East","Cumbernauld, Kilsyth and Kirkintilloch East",14,70,Gregg McClymont,LabourCynon Valley,Cynon Valley,Cynon Valley,13,65,Ann Clwyd,LabourDagenham and Rainham,Dagenham and Rainham,Dagenham and Rainham,18,90,Jon Cruddas,LabourDarlington,Darlington,Darlington,18,90,Jenny Chapman,LabourDartford,Dartford,Dartford,12,60,Gareth Johnson,ConservativeDaventry,Daventry,Daventry,2,10,Chris Heaton-Harris,ConservativeDelyn,Delyn,Delyn,8,40,David Hanson,LabourDenton and Reddish,Denton and Reddish,Denton and Reddish,11,55,Andrew Gwynne,LabourDerby North,Derby North,Derby North,7,35,Chris Williamson,LabourDerby South,Derby South,Derby South,22,110,Margaret Beckett,LabourDerbyshire Dales,Derbyshire Dales,Derbyshire Dales,4,20,Patrick McLoughlin,ConservativeDevizes,Devizes,Devizes,6,30,Claire Perry,ConservativeDewsbury,Dewsbury,Dewsbury,11,55,Simon Reevell,ConservativeDon Valley,Don Valley,Don Valley,14,70,Caroline Flint,LabourDoncaster Central,Doncaster Central,Doncaster Central,27,135,Rosie Winterton,LabourDoncaster North,Doncaster North,Doncaster North,19,95,Edward Miliband,LabourDover,Dover,Dover,10,50,Charlie Elphicke,ConservativeDudley North,Dudley North,Dudley North,14,70,Ian Austin,LabourDudley South,Dudley South,Dudley South,11,55,Chris Kelly,ConservativeDulwich and West Norwood,Dulwich and West Norwood,Dulwich and West Norwood,20,100,Tessa Jowell,LabourDumfries and Galloway,Dumfries and Galloway,Dumfries and Galloway,18,90,Russell Brown,Labour"Dumfriesshire, Clydesdale and Tweeddale","Dumfriesshire, Clydesdale and Tweeddale","Dumfriesshire, Clydesdale and Tweeddale",4,20,David Mundell,ConservativeDundee East,Dundee East,Dundee East,12,60,Stewart Hosie,Scottish National PartyDundee West,Dundee West,Dundee West,18,90,Jim McGovern,LabourDunfermline and West Fife,Dunfermline and West Fife,Dunfermline and West Fife,13,65,Thomas Docherty,LabourDwyfor Meirionnydd,Dwyfor Meirionnydd,Dwyfor Meirionnydd,4,20,Elfyn Llwyd,Plaid CymruEaling Central and Acton,Ealing Central and Acton,Ealing Central and Acton,29,145,Angie Bray,ConservativeEaling North,Ealing North,Ealing North,17,85,Stephen Pound,Labour"Ealing, Southall","Ealing, Southall","Ealing, Southall",19,95,Virendra Sharma,LabourEasington,Easington,Easington,17,85,Grahame Morris,LabourEast Ham,East Ham,East Ham,32,160,Stephen Timms,Labour"East Kilbride, Strathaven and Lesmahagow","East Kilbride, Strathaven and Lesmahagow","East Kilbride, Strathaven and Lesmahagow",15,75,Michael McCann,LabourEast Lothian,East Lothian,East Lothian,11,55,Fiona O'Donnell,LabourEast Yorkshire,Yorkshire East,East Yorkshire,12,60,Greg Knight,ConservativeEastbourne,Eastbourne,Eastbourne,12,60,Stephen Lloyd,Liberal DemocratEastleigh,Eastleigh,Eastleigh,8,40,Christopher Huhne,Liberal DemocratEddisbury,Eddisbury,Eddisbury,5,25,Stephen O'Brien,ConservativeEdinburgh East,Edinburgh East,Edinburgh East,25,125,Sheila Gilmore,LabourEdinburgh North and Leith,Edinburgh North and Leith,Edinburgh North and Leith,30,150,Mark Lazarowicz,LabourEdinburgh South,Edinburgh South,Edinburgh South,11,55,Ian Murray,LabourEdinburgh South West,Edinburgh South West,Edinburgh South West,20,100,Alistair Darling,LabourEdinburgh West,Edinburgh West,Edinburgh West,17,85,Michael Crockart,Liberal DemocratEdmonton,Edmonton,Edmonton,27,135,Andrew Love,LabourEllesmere Port and Neston,Ellesmere Port and Neston,Ellesmere Port and Neston,12,60,Andrew Miller,LabourElmet and Rothwell,Elmet and Rothwell,Elmet and Rothwell,10,50,Alec Shelbrooke,ConservativeEltham,Eltham,Eltham,16,80,Clive Efford,LabourEnfield North,Enfield North,Enfield North,16,80,Nick de Bois,Conservative"Enfield, Southgate","Enfield, Southgate","Enfield, Southgate",27,135,David Burrowes,ConservativeEpping Forest,Epping Forest,Epping Forest,14,70,Eleanor Laing,ConservativeEpsom and Ewell,Epsom and Ewell,Epsom and Ewell,16,80,Chris Grayling,ConservativeErewash,Erewash,Erewash,11,55,Jessica Lee,ConservativeErith and Thamesmead,Erith and Thamesmead,Erith and Thamesmead,22,110,Teresa Pearce,LabourEsher and Walton,Esher and Walton,Esher and Walton,14,70,Dominic Raab,ConservativeExeter,Exeter,Exeter,13,65,Ben Bradshaw,LabourFalkirk,Falkirk,Falkirk,23,115,Eric Joyce,LabourFareham,Fareham,Fareham,5,25,Mark Hoban,ConservativeFaversham and Mid Kent,Faversham and Mid Kent,Faversham and Mid Kent,4,20,Hugh Robertson,ConservativeFeltham and Heston,Feltham and Heston,Feltham and Heston,21,105,Seema Malhotra,LabourFilton and Bradley Stoke,Filton and Bradley Stoke,Filton and Bradley Stoke,11,55,Jack Lopresti,ConservativeFinchley and Golders Green,Finchley and Golders Green,Finchley and Golders Green,24,120,Mike Freer,ConservativeFolkestone and Hythe,Folkestone and Hythe,Folkestone and Hythe,14,70,Damian Collins,ConservativeForest of Dean,Forest of Dean,Forest of Dean,5,25,Mark Harper,ConservativeFylde,Fylde,Fylde,7,35,Mark Menzies,ConservativeGainsborough,Gainsborough,Gainsborough,5,25,Edward Leigh,ConservativeGarston and Halewood,Garston and Halewood,Garston and Halewood,16,80,Maria Eagle,LabourGateshead,Gateshead,Gateshead,28,140,Ian Mearns,LabourGedling,Gedling,Gedling,12,60,Vernon Coaker,LabourGillingham and Rainham,Gillingham and Rainham,Gillingham and Rainham,12,60,Rehman Chishti,ConservativeGlasgow Central,Glasgow Central,Glasgow Central,56,280,Anas Sarwar,LabourGlasgow East,Glasgow East,Glasgow East,29,145,Margaret Curran,LabourGlasgow North,Glasgow North,Glasgow North,14,70,Ann McKechin,LabourGlasgow North East,Glasgow North East,Glasgow North East,28,140,William Bain,LabourGlasgow North West,Glasgow North West,Glasgow North West,13,65,John Robertson,LabourGlasgow South,Glasgow South,Glasgow South,8,40,Tom Harris,LabourGlasgow South West,Glasgow South West,Glasgow South West,16,80,Ian Davidson,LabourGlenrothes,Glenrothes,Glenrothes,7,35,Lindsay Roy,LabourGloucester,Gloucester,Gloucester,14,70,Richard Graham,ConservativeGordon,Gordon,Gordon,9,45,Malcolm Bruce,Liberal DemocratGosport,Gosport,Gosport,10,50,Caroline Dinenage,ConservativeGower,Gower,Gower,5,25,Martin Caton,LabourGrantham and Stamford,Grantham and Stamford,Grantham and Stamford,11,55,Nicholas Boles,ConservativeGravesham,Gravesham,Gravesham,12,60,Adam Holloway,ConservativeGreat Grimsby,Great Grimsby,Great Grimsby,20,100,Austin Mitchell,LabourGreat Yarmouth,Great Yarmouth,Great Yarmouth,26,130,Brandon Lewis,ConservativeGreenwich and Woolwich,Greenwich and Woolwich,Greenwich and Woolwich,24,120,Nick Raynsford,LabourGuildford,Guildford,Guildford,10,50,Anne Milton,ConservativeHackney North and Stoke Newington,Hackney North and Stoke Newington,Hackney North and Stoke Newington,36,180,Diane Abbott,LabourHackney South and Shoreditch,Hackney South and Shoreditch,Hackney South and Shoreditch,29,145,Meg Hillier,LabourHalesowen and Rowley Regis,Halesowen and Rowley Regis,Halesowen and Rowley Regis,7,35,James Morris,ConservativeHalifax,Halifax,Halifax,15,75,Linda Riordan,LabourHaltemprice and Howden,Haltemprice and Howden,Haltemprice and Howden,6,30,David Davis,ConservativeHalton,Halton,Halton,20,100,Derek Twigg,LabourHammersmith,Hammersmith,Hammersmith,36,180,Andy Slaughter,LabourHampstead and Kilburn,Hampstead and Kilburn,Hampstead and Kilburn,24,120,Glenda Jackson,LabourHarborough,Harborough,Harborough,8,40,Edward Garnier,ConservativeHarlow,Harlow,Harlow,5,25,Robert Halfon,ConservativeHarrogate and Knaresborough,Harrogate and Knaresborough,Harrogate and Knaresborough,15,75,Andrew Jones,ConservativeHarrow East,Harrow East,Harrow East,15,75,Bob Blackman,ConservativeHarrow West,Harrow West,Harrow West,22,110,Gareth Thomas,LabourHartlepool,Hartlepool,Hartlepool,19,95,Iain Wright,LabourHarwich and North Essex,Harwich and North Essex,Harwich and North Essex,4,20,Bernard Jenkin,ConservativeHastings and Rye,Hastings and Rye,Hastings and Rye,15,75,Amber Rudd,ConservativeHavant,Havant,Havant,11,55,David Willetts,ConservativeHayes and Harlington,Hayes and Harlington,Hayes and Harlington,23,115,John McDonnell,LabourHazel Grove,Hazel Grove,Hazel Grove,7,35,Andrew Stunell,Liberal DemocratHemel Hempstead,Hemel Hempstead,Hemel Hempstead,14,70,Michael Penning,ConservativeHemsworth,Hemsworth,Hemsworth,17,85,Jon Trickett,LabourHendon,Hendon,Hendon,23,115,Matthew Offord,ConservativeHenley,Henley,Henley,3,15,John Howell,ConservativeHereford and South Herefordshire,Hereford and South Herefordshire,Hereford and South Herefordshire,11,55,Jesse Norman,ConservativeHertford and Stortford,Hertford and Stortford,Hertford and Stortford,11,55,Mark Prisk,ConservativeHertsmere,Hertsmere,Hertsmere,16,80,James Clappison,ConservativeHexham,Hexham,Hexham,6,30,Guy Opperman,ConservativeHeywood and Middleton,Heywood and Middleton,Heywood and Middleton,19,95,Jim Dobbin,LabourHigh Peak,High Peak,High Peak,8,40,Andrew Bingham,ConservativeHitchin and Harpenden,Hitchin and Harpenden,Hitchin and Harpenden,7,35,Peter Lilley,ConservativeHolborn and St Pancras,Holborn and St Pancras,Holborn and St Pancras,50,250,Frank Dobson,LabourHornchurch and Upminster,Hornchurch and Upminster,Hornchurch and Upminster,15,75,Angela Watkinson,ConservativeHornsey and Wood Green,Hornsey and Wood Green,Hornsey and Wood Green,29,145,Lynne Featherstone,Liberal DemocratHorsham,Horsham,Horsham,8,40,Francis Maude,ConservativeHoughton and Sunderland South,Houghton and Sunderland South,Houghton and Sunderland South,15,75,Bridget Phillipson,LabourHove,Hove,Hove,16,80,Mike Weatherley,ConservativeHuddersfield,Huddersfield,Huddersfield,24,120,Barry Sheerman,LabourHuntingdon,Huntingdon,Huntingdon,10,50,Jonathan Djanogly,ConservativeHyndburn,Hyndburn,Hyndburn,15,75,Graham Jones,LabourIlford North,Ilford North,Ilford North,22,110,Lee Scott,ConservativeIlford South,Ilford South,Ilford South,25,125,Mike Gapes,LabourInverclyde,Inverclyde,Inverclyde,20,100,Iain McKenzie,Labour"Inverness, Nairn, Badenoch and Strathspey","Inverness, Nairn, Badenoch and Strathspey","Inverness, Nairn, Badenoch and Strathspey",8,40,Danny Alexander,Liberal DemocratIpswich,Ipswich,Ipswich,22,110,Ben Gummer,ConservativeIsle of Wight,Isle of Wight,Isle of Wight,9,45,Andrew Turner,ConservativeIslington North,Islington North,Islington North,32,160,Jeremy Corbyn,LabourIslington South and Finsbury,Islington South and Finsbury,Islington South and Finsbury,32,160,Emily Thornberry,LabourIslwyn,Islwyn,Islwyn,9,45,Chris Evans,LabourJarrow,Jarrow,Jarrow,9,45,Stephen Hepburn,LabourKeighley,Keighley,Keighley,7,35,Kris Hopkins,ConservativeKenilworth and Southam,Kenilworth and Southam,Kenilworth and Southam,5,25,Jeremy Wright,ConservativeKensington,Kensington,Kensington,28,140,Malcolm Rifkind,ConservativeKettering,Kettering,Kettering,13,65,Philip Hollobone,ConservativeKilmarnock and Loudoun,Kilmarnock and Loudoun,Kilmarnock and Loudoun,21,105,Cathy Jamieson,LabourKingston and Surbiton,Kingston and Surbiton,Kingston and Surbiton,27,135,Edward Davey,Liberal DemocratKingston upon Hull East,Kingston upon Hull East,Kingston upon Hull East,20,100,Karl Turner,LabourKingston upon Hull North,Kingston upon Hull North,Kingston upon Hull North,15,75,Diana Johnson,LabourKingston upon Hull West and Hessle,Kingston upon Hull West and Hessle,Kingston upon Hull West and Hessle,25,125,Alan Johnson,LabourKingswood,Kingswood,Kingswood,6,30,Chris Skidmore,ConservativeKirkcaldy and Cowdenbeath,Kirkcaldy and Cowdenbeath,Kirkcaldy and Cowdenbeath,21,105,Gordon Brown,LabourKnowsley,Knowsley,Knowsley,21,105,George Howarth,LabourLagan Valley,Lagan Valley,Lagan Valley,1,5,Jeffrey M Donaldson,DUPLanark and Hamilton East,Lanark and Hamilton East,Lanark and Hamilton East,23,115,Jimmy Hood,LabourLancaster and Fleetwood,Lancaster and Fleetwood,Lancaster and Fleetwood,13,65,Eric Ollerenshaw,ConservativeLeeds Central,Leeds Central,Leeds Central,33,165,Hilary Benn,LabourLeeds East,Leeds East,Leeds East,18,90,George Mudie,LabourLeeds North East,Leeds North East,Leeds North East,7,35,Fabian Hamilton,LabourLeeds North West,Leeds North West,Leeds North West,7,35,Greg Mulholland,Liberal DemocratLeeds West,Leeds West,Leeds West,15,75,Rachel Reeves,LabourLeicester East,Leicester East,Leicester East,16,80,Keith Vaz,LabourLeicester South,Leicester South,Leicester South,18,90,Jonathan Ashworth,LabourLeicester West,Leicester West,Leicester West,5,25,Liz Kendall,LabourLeigh,Leigh,Leigh,22,110,Andy Burnham,LabourLewes,Lewes,Lewes,7,35,Norman Baker,Liberal DemocratLewisham East,Lewisham East,Lewisham East,16,80,Heidi Alexander,LabourLewisham West and Penge,Lewisham West and Penge,Lewisham West and Penge,19,95,Jim Dowd,Labour"Lewisham, Deptford","Lewisham, Deptford","Lewisham, Deptford",24,120,Joan Ruddock,LabourLeyton and Wanstead,Leyton and Wanstead,Leyton and Wanstead,23,115,John Cryer,LabourLichfield,Lichfield,Lichfield,9,45,Michael Fabricant,ConservativeLincoln,Lincoln,Lincoln,16,80,Karl McCartney,ConservativeLinlithgow and East Falkirk,Linlithgow and East Falkirk,Linlithgow and East Falkirk,21,105,Michael Connarty,Labour"Liverpool, Riverside","Liverpool, Riverside","Liverpool, Riverside",37,185,Louise Ellman,Labour"Liverpool, Walton","Liverpool, Walton","Liverpool, Walton",30,150,Steve Rotheram,Labour"Liverpool, Wavertree","Liverpool, Wavertree","Liverpool, Wavertree",25,125,Luciana Berger,Labour"Liverpool, West Derby","Liverpool, West Derby","Liverpool, West Derby",13,65,Stephen Twigg,LabourLivingston,Livingston,Livingston,16,80,Graeme Morrice,LabourLlanelli,Llanelli,Llanelli,10,50,Nia Griffith,LabourLoughborough,Loughborough,Loughborough,7,35,Nicky Morgan,ConservativeLouth and Horncastle,Louth and Horncastle,Louth and Horncastle,11,55,Peter Tapsell,ConservativeLudlow,Ludlow,Ludlow,5,25,Philip Dunne,ConservativeLuton North,Luton North,Luton North,9,45,Kelvin Hopkins,LabourLuton South,Luton South,Luton South,20,100,Gavin Shuker,LabourMacclesfield,Macclesfield,Macclesfield,6,30,David Rutley,ConservativeMaidenhead,Maidenhead,Maidenhead,9,45,Theresa May,ConservativeMaidstone and The Weald,Maidstone and The Weald,Maidstone and The Weald,10,50,Helen Grant,ConservativeMakerfield,Makerfield,Makerfield,12,60,Yvonne Fovargue,LabourMaldon,Maldon,Maldon,5,25,John Whittingdale,ConservativeManchester Central,Manchester Central,Manchester Central,45,225,Lucy Powell,Labour"Manchester, Gorton","Manchester, Gorton","Manchester, Gorton",18,90,Gerald Kaufman,Labour"Manchester, Withington","Manchester, Withington","Manchester, Withington",18,90,John Leech,Liberal DemocratMansfield,Mansfield,Mansfield,10,50,Alan Meale,LabourMeon Valley,Meon Valley,Meon Valley,5,25,George Hollingbery,ConservativeMeriden,Meriden,Meriden,9,45,Caroline Spelman,ConservativeMerthyr Tydfil and Rhymney,Merthyr Tydfil and Rhymney,Merthyr Tydfil and Rhymney,12,60,Dai Havard,LabourMid Bedfordshire,Mid Bedfordshire,Mid Bedfordshire,3,15,Nadine Dorries,ConservativeMid Derbyshire,Mid Derbyshire,Mid Derbyshire,6,30,Pauline Latham,ConservativeMid Dorset and North Poole,Mid Dorset and North Poole,Mid Dorset and North Poole,5,25,Annette Brooke,Liberal DemocratMid Norfolk,Mid Norfolk,Mid Norfolk,8,40,George Freeman,ConservativeMid Sussex,Mid Sussex,Mid Sussex,10,50,Nicholas Soames,ConservativeMid Ulster,Mid Ulster,Mid Ulster,5,25,Martin McGuinness,Sinn FeinMid Worcestershire,Mid Worcestershire,Mid Worcestershire,6,30,Peter Luff,ConservativeMiddlesbrough,Middlesbrough,Middlesbrough,27,135,Stuart Bell,LabourMiddlesbrough South and East Cleveland,Middlesbrough South and East Cleveland,Middlesbrough South and East Cleveland,14,70,Tom Blenkinsop,LabourMidlothian,Midlothian,Midlothian,8,40,David Hamilton,LabourMilton Keynes North,Milton Keynes North,Milton Keynes North,12,60,Mark Lancaster,ConservativeMilton Keynes South,Milton Keynes South,Milton Keynes South,13,65,Iain Stewart,ConservativeMitcham and Morden,Mitcham and Morden,Mitcham and Morden,21,105,Siobhain McDonagh,LabourMole Valley,Mole Valley,Mole Valley,6,30,Paul Beresford,ConservativeMonmouth,Monmouth,Monmouth,7,35,David Davies,ConservativeMontgomeryshire,Montgomeryshire,Montgomeryshire,3,15,Glyn Davies,ConservativeMoray,Moray,Moray,7,35,Angus Robertson,Scottish National PartyMorecambe and Lunesdale,Morecambe and Lunesdale,Morecambe and Lunesdale,10,50,David Morris,ConservativeMorley and Outwood,Morley and Outwood,Morley and Outwood,10,50,Edward Balls,LabourMotherwell and Wishaw,Motherwell and Wishaw,Motherwell and Wishaw,27,135,Frank Roy,LabourNeath,Neath,Neath,9,45,Peter Hain,LabourNew Forest East,New Forest East,New Forest East,6,30,Julian Lewis,ConservativeNew Forest West,New Forest West,New Forest West,7,35,Desmond Swayne,ConservativeNewark,Newark,Newark,6,30,Patrick Mercer,ConservativeNewbury,Newbury,Newbury,13,65,Richard Benyon,ConservativeNewcastle upon Tyne Central,Newcastle upon Tyne Central,Newcastle upon Tyne Central,34,170,Chi Onwurah,LabourNewcastle upon Tyne East,Newcastle upon Tyne East,Newcastle upon Tyne East,16,80,Nick Brown,LabourNewcastle upon Tyne North,Newcastle upon Tyne North,Newcastle upon Tyne North,12,60,Catherine McKinnell,LabourNewcastle-under-Lyme,Newcastle-under-Lyme,Newcastle-under-Lyme,10,50,Paul Farrelly,LabourNewport East,Newport East,Newport East,11,55,Jessica Morden,LabourNewport West,Newport West,Newport West,15,75,Paul Flynn,LabourNewton Abbot,Newton Abbot,Newton Abbot,8,40,Anne-Marie Morris,Conservative"Normanton, Pontefract and Castleford","Normanton, Pontefract and Castleford","Normanton, Pontefract and Castleford",21,105,Yvette Cooper,LabourNorthampton North,Northampton North,Northampton North,9,45,Michael Ellis,ConservativeNorthampton South,Northampton South,Northampton South,18,90,Brian Binley,ConservativeNorwich North,Norwich North,Norwich North,11,55,Chloe Smith,ConservativeNorwich South,Norwich South,Norwich South,19,95,Simon Wright,Liberal DemocratNottingham East,Nottingham East,Nottingham East,16,80,Christopher Leslie,LabourNottingham North,Nottingham North,Nottingham North,12,60,Graham Allen,LabourNottingham South,Nottingham South,Nottingham South,22,110,Lilian Greenwood,LabourNuneaton,Nuneaton,Nuneaton,13,65,Marcus Jones,ConservativeOchil and South Perthshire,Ochil and South Perthshire,Ochil and South Perthshire,11,55,Gordon Banks,LabourOgmore,Ogmore,Ogmore,11,55,Huw Irranca-Davies,LabourOld Bexley and Sidcup,Old Bexley and Sidcup,Old Bexley and Sidcup,16,80,James Brokenshire,ConservativeOldham East and Saddleworth,Oldham East and Saddleworth,Oldham East and Saddleworth,12,60,Debbie Abrahams,LabourOldham West and Royton,Oldham West and Royton,Oldham West and Royton,17,85,Michael Meacher,LabourOrkney and Shetland,Orkney and Shetland,Orkney and Shetland,2,10,Alistair Carmichael,Liberal DemocratOrpington,Orpington,Orpington,12,60,Jo Johnson,ConservativeOxford East,Oxford East,Oxford East,19,95,Andrew Smith,LabourOxford West and Abingdon,Oxford West and Abingdon,Oxford West and Abingdon,9,45,Nicola Blackwood,ConservativePaisley and Renfrewshire North,Paisley and Renfrewshire North,Paisley and Renfrewshire North,17,85,Jim Sheridan,LabourPaisley and Renfrewshire South,Paisley and Renfrewshire South,Paisley and Renfrewshire South,27,135,Douglas Alexander,LabourPendle,Pendle,Pendle,10,50,Andrew Stephenson,ConservativePenistone and Stocksbridge,Penistone and Stocksbridge,Penistone and Stocksbridge,6,30,Angela Smith,LabourPenrith and The Border,Penrith and The Border,Penrith and The Border,7,35,Rory Stewart,ConservativePerth and North Perthshire,Perth and North Perthshire,Perth and North Perthshire,8,40,Pete Wishart,Scottish National PartyPeterborough,Peterborough,Peterborough,21,105,Stewart Jackson,Conservative"Plymouth, Moor View","Plymouth, Moor View","Plymouth, Moor View",7,35,Alison Seabeck,Labour"Plymouth, Sutton and Devonport","Plymouth, Sutton and Devonport","Plymouth, Sutton and Devonport",19,95,Oliver Colvile,ConservativePontypridd,Pontypridd,Pontypridd,14,70,Owen Smith,LabourPoole,Poole,Poole,8,40,Robert Syms,ConservativePoplar and Limehouse,Poplar and Limehouse,Poplar and Limehouse,33,165,Jim Fitzpatrick,LabourPortsmouth North,Portsmouth North,Portsmouth North,16,80,Penny Mordaunt,ConservativePortsmouth South,Portsmouth South,Portsmouth South,23,115,Mike Hancock,Liberal DemocratPreseli Pembrokeshire,Preseli Pembrokeshire,Preseli Pembrokeshire,5,25,Stephen Crabb,ConservativePreston,Preston,Preston,23,115,Mark Hendrick,LabourPudsey,Pudsey,Pudsey,9,45,Stuart Andrew,ConservativePutney,Putney,Putney,14,70,Justine Greening,ConservativeRayleigh and Wickford,Rayleigh and Wickford,Rayleigh and Wickford,8,40,Mark Francois,ConservativeReading East,Reading East,Reading East,18,90,Rob Wilson,ConservativeReading West,Reading West,Reading West,13,65,Alok Sharma,ConservativeRedcar,Redcar,Redcar,16,80,Ian Swales,Liberal DemocratRedditch,Redditch,Redditch,10,50,Karen Lumley,ConservativeReigate,Reigate,Reigate,11,55,Crispin Blunt,ConservativeRhondda,Rhondda,Rhondda,14,70,Chris Bryant,LabourRibble Valley,Ribble Valley,Ribble Valley,5,25,Nigel Evans,ConservativeRichmond (Yorks),Richmond (Yorks),Richmond (Yorks),12,60,William Hague,ConservativeRichmond Park,Richmond Park,Richmond Park,12,60,Zac Goldsmith,ConservativeRochdale,Rochdale,Rochdale,19,95,Simon Danczuk,LabourRochester and Strood,Rochester and Strood,Rochester and Strood,13,65,Mark Reckless,ConservativeRochford and Southend East,Rochford and Southend East,Rochford and Southend East,18,90,James Duddridge,ConservativeRomford,Romford,Romford,14,70,Andrew Rosindell,ConservativeRomsey and Southampton North,Romsey and Southampton North,Romsey and Southampton North,3,15,Caroline Nokes,Conservative"Ross, Skye and Lochaber","Ross, Skye and Lochaber","Ross, Skye and Lochaber",5,25,Charles Kennedy,Liberal DemocratRossendale and Darwen,Rossendale and Darwen,Rossendale and Darwen,9,45,Jake Berry,ConservativeRother Valley,Rother Valley,Rother Valley,11,55,Kevin Barron,LabourRotherham,Rotherham,Rotherham,16,80,Denis MacShane,LabourRugby,Rugby,Rugby,11,55,Mark Pawsey,Conservative"Ruislip, Northwood and Pinner","Ruislip, Northwood and Pinner","Ruislip, Northwood and Pinner",16,80,Nick Hurd,ConservativeRunnymede and Weybridge,Runnymede and Weybridge,Runnymede and Weybridge,12,60,Philip Hammond,ConservativeRushcliffe,Rushcliffe,Rushcliffe,7,35,Kenneth Clarke,ConservativeRutherglen and Hamilton West,Rutherglen and Hamilton West,Rutherglen and Hamilton West,31,155,Tom Greatrex,LabourRutland and Melton,Rutland and Melton,Rutland and Melton,6,30,Alan Duncan,ConservativeSaffron Walden,Saffron Walden,Saffron Walden,6,30,Alan Haselhurst,ConservativeSalford and Eccles,Salford and Eccles,Salford and Eccles,22,110,Hazel Blears,LabourSalisbury,Salisbury,Salisbury,9,45,John Glen,ConservativeScarborough and Whitby,Scarborough and Whitby,Scarborough and Whitby,14,70,Robert Goodwill,ConservativeScunthorpe,Scunthorpe,Scunthorpe,14,70,Nicholas Dakin,LabourSedgefield,Sedgefield,Sedgefield,15,75,Phil Wilson,LabourSefton Central,Sefton Central,Sefton Central,13,65,Bill Esterson,LabourSelby and Ainsty,Selby and Ainsty,Selby and Ainsty,8,40,Nigel Adams,ConservativeSevenoaks,Sevenoaks,Sevenoaks,7,35,Michael Fallon,ConservativeSheffield Central,Sheffield Central,Sheffield Central,25,125,Paul Blomfield,LabourSheffield South East,Sheffield South East,Sheffield South East,13,65,Clive Betts,Labour"Sheffield, Brightside and Hillsborough","Sheffield, Brightside and Hillsborough","Sheffield, Brightside and Hillsborough",13,65,David Blunkett,Labour"Sheffield, Hallam","Sheffield, Hallam","Sheffield, Hallam",4,20,Nicholas Clegg,Liberal Democrat"Sheffield, Heeley","Sheffield, Heeley","Sheffield, Heeley",13,65,Meg Munn,LabourSherwood,Sherwood,Sherwood,10,50,Mark Spencer,ConservativeShipley,Shipley,Shipley,7,35,Philip Davies,ConservativeShrewsbury and Atcham,Shrewsbury and Atcham,Shrewsbury and Atcham,9,45,Daniel Kawczynski,ConservativeSittingbourne and Sheppey,Sittingbourne and Sheppey,Sittingbourne and Sheppey,9,45,Gordon Henderson,ConservativeSkipton and Ripon,Skipton and Ripon,Skipton and Ripon,6,30,Julian Smith,ConservativeSleaford and North Hykeham,Sleaford and North Hykeham,Sleaford and North Hykeham,5,25,Stephen Phillips,ConservativeSlough,Slough,Slough,24,120,Fiona Mactaggart,LabourSolihull,Solihull,Solihull,12,60,Lorely Burt,Liberal DemocratSomerton and Frome,Somerton and Frome,Somerton and Frome,4,20,David Heath,Liberal DemocratSouth Ribble,South Ribble,South Ribble,8,40,Lorraine Fullbrook,ConservativeSouth Shields,South Shields,South Shields,19,95,David Miliband,Labour"Southampton, Itchen","Southampton, Itchen","Southampton, Itchen",17,85,John Denham,Labour"Southampton, Test","Southampton, Test","Southampton, Test",13,65,Alan Whitehead,LabourSouthend West,Southend West,Southend West,10,50,David Amess,ConservativeSouthport,Southport,Southport,14,70,John Pugh,Liberal DemocratSpelthorne,Spelthorne,Spelthorne,16,80,Kwasi Kwarteng,ConservativeSt Albans,St Albans,St Albans,7,35,Anne Main,ConservativeSt Austell and Newquay,St Austell and Newquay,St Austell and Newquay,4,20,Stephen Gilbert,Liberal DemocratSt Helens North,St Helens North,St Helens North,19,95,Dave Watts,LabourSt Helens South and Whiston,St Helens South and Whiston,St Helens South and Whiston,25,125,Shaun Woodward,LabourSt Ives,St Ives,St Ives,5,25,Andrew George,Liberal DemocratStafford,Stafford,Stafford,10,50,Jeremy Lefroy,ConservativeStaffordshire Moorlands,Staffordshire Moorlands,Staffordshire Moorlands,4,20,Karen Bradley,ConservativeStalybridge and Hyde,Stalybridge and Hyde,Stalybridge and Hyde,13,65,Jonathan Reynolds,LabourStevenage,Stevenage,Stevenage,15,75,Stephen McPartland,ConservativeStirling,Stirling,Stirling,16,80,Anne McGuire,LabourStockport,Stockport,Stockport,15,75,Ann Coffey,LabourStockton North,Stockton North,Stockton North,24,120,Alex Cunningham,LabourStockton South,Stockton South,Stockton South,14,70,James Wharton,ConservativeStoke-on-Trent Central,Stoke-on-Trent Central,Stoke-on-Trent Central,18,90,Tristram Hunt,LabourStoke-on-Trent North,Stoke-on-Trent North,Stoke-on-Trent North,14,70,Joan Walley,LabourStoke-on-Trent South,Stoke-on-Trent South,Stoke-on-Trent South,11,55,Robert Flello,LabourStone,Stone,Stone,6,30,William Cash,ConservativeStourbridge,Stourbridge,Stourbridge,10,50,Margot James,ConservativeStrangford,Strangford,Strangford,2,10,Jim Shannon,DUPStratford-on-Avon,Stratford-on-Avon,Stratford-on-Avon,9,45,Nadhim Zahawi,ConservativeStreatham,Streatham,Streatham,19,95,Chuka Umunna,LabourStretford and Urmston,Stretford and Urmston,Stretford and Urmston,20,100,Kate Green,LabourStroud,Stroud,Stroud,6,30,Neil Carmichael,ConservativeSuffolk Coastal,Suffolk Coastal,Suffolk Coastal,7,35,Therese Coffey,ConservativeSunderland Central,Sunderland Central,Sunderland Central,28,140,Julie Elliott,LabourSurrey Heath,Surrey Heath,Surrey Heath,12,60,Michael Gove,ConservativeSutton and Cheam,Sutton and Cheam,Sutton and Cheam,18,90,Paul Burstow,Liberal DemocratSutton Coldfield,Sutton Coldfield,Sutton Coldfield,11,55,Andrew Mitchell,ConservativeSwansea East,Swansea East,Swansea East,11,55,Si‰n James,LabourSwansea West,Swansea West,Swansea West,15,75,Geraint Davies,LabourTamworth,Tamworth,Tamworth,12,60,Christopher Pincher,ConservativeTatton,Tatton,Tatton,7,35,George Osborne,ConservativeTaunton Deane,Taunton Deane,Taunton Deane,9,45,Jeremy Browne,Liberal DemocratTelford,Telford,Telford,10,50,David Wright,LabourTewkesbury,Tewkesbury,Tewkesbury,8,40,Laurence Robertson,ConservativeThe Cotswolds,The Cotswolds,The Cotswolds,3,15,Geoffrey Clifton-Brown,ConservativeThe Wrekin,The Wrekin,The Wrekin,10,50,Mark Pritchard,ConservativeThirsk and Malton,Thirsk and Malton,Thirsk and Malton,11,55,Anne McIntosh,ConservativeThornbury and Yate,Thornbury and Yate,Thornbury and Yate,5,25,Steve Webb,Liberal DemocratThurrock,Thurrock,Thurrock,16,80,Jackie Doyle-Price,ConservativeTiverton and Honiton,Tiverton and Honiton,Tiverton and Honiton,8,40,Neil Parish,ConservativeTonbridge and Malling,Tonbridge and Malling,Tonbridge and Malling,7,35,John Stanley,ConservativeTooting,Tooting,Tooting,21,105,Sadiq Khan,LabourTorbay,Torbay,Torbay,18,90,Adrian Sanders,Liberal DemocratTorfaen,Torfaen,Torfaen,13,65,Paul Murphy,LabourTorridge and West Devon,Torridge and West Devon,Torridge and West Devon,3,15,Geoffrey Cox,ConservativeTotnes,Totnes,Totnes,6,30,Sarah Wollaston,ConservativeTottenham,Tottenham,Tottenham,33,165,David Lammy,LabourTruro and Falmouth,Truro and Falmouth,Truro and Falmouth,6,30,Sarah Newton,ConservativeTunbridge Wells,Tunbridge Wells,Tunbridge Wells,10,50,Greg Clark,ConservativeTwickenham,Twickenham,Twickenham,15,75,Vincent Cable,Liberal DemocratTynemouth,Tynemouth,Tynemouth,10,50,Alan Campbell,LabourUxbridge and South Ruislip,Uxbridge and South Ruislip,Uxbridge and South Ruislip,19,95,John Randall,ConservativeVale of Clwyd,Vale of Clwyd,Vale of Clwyd,14,70,Chris Ruane,LabourVale of Glamorgan,Vale of Glamorgan,Vale of Glamorgan,9,45,Alun Cairns,ConservativeVauxhall,Vauxhall,Vauxhall,33,165,Kate Hoey,LabourWakefield,Wakefield,Wakefield,14,70,Mary Creagh,LabourWallasey,Wallasey,Wallasey,18,90,Angela Eagle,LabourWalsall North,Walsall North,Walsall North,15,75,David Winnick,LabourWalsall South,Walsall South,Walsall South,12,60,Valerie Vaz,LabourWalthamstow,Walthamstow,Walthamstow,20,100,Stella Creasy,LabourWansbeck,Wansbeck,Wansbeck,13,65,Ian Lavery,LabourWantage,Wantage,Wantage,11,55,Edward Vaizey,ConservativeWarley,Warley,Warley,12,60,John Spellar,LabourWarrington North,Warrington North,Warrington North,11,55,Helen Jones,LabourWarrington South,Warrington South,Warrington South,18,90,David Mowat,ConservativeWarwick and Leamington,Warwick and Leamington,Warwick and Leamington,14,70,Chris White,ConservativeWashington and Sunderland West,Washington and Sunderland West,Washington and Sunderland West,15,75,Sharon Hodgson,LabourWatford,Watford,Watford,13,65,Richard Harrington,ConservativeWaveney,Waveney,Waveney,13,65,Peter Aldous,ConservativeWealden,Wealden,Wealden,9,45,Charles Hendry,ConservativeWeaver Vale,Weaver Vale,Weaver Vale,12,60,Graham Evans,ConservativeWellingborough,Wellingborough,Wellingborough,11,55,Peter Bone,ConservativeWells,Wells,Wells,10,50,Tessa Munt,Liberal DemocratWelwyn Hatfield,Welwyn Hatfield,Welwyn Hatfield,13,65,Grant Shapps,ConservativeWentworth and Dearne,Wentworth and Dearne,Wentworth and Dearne,14,70,John Healey,LabourWest Bromwich East,West Bromwich East,West Bromwich East,13,65,Tom Watson,LabourWest Bromwich West,West Bromwich West,West Bromwich West,12,60,Adrian Bailey,LabourWest Ham,West Ham,West Ham,42,210,Lyn Brown,LabourWest Tyrone,West Tyrone,West Tyrone,1,5,Pat Doherty,Sinn FeinWestminster North,Westminster North,Westminster North,23,115,Karen Buck,LabourWestmorland and Lonsdale,Westmorland and Lonsdale,Westmorland and Lonsdale,10,50,Tim Farron,Liberal DemocratWeston-Super-Mare,Weston-Super-Mare,Weston-Super-Mare,9,45,John Penrose,ConservativeWigan,Wigan,Wigan,24,120,Lisa Nandy,LabourWimbledon,Wimbledon,Wimbledon,17,85,Stephen Hammond,ConservativeWinchester,Winchester,Winchester,6,30,Steve Brine,ConservativeWindsor,Windsor,Windsor,10,50,Adam Afriyie,ConservativeWirral South,Wirral South,Wirral South,3,15,Alison McGovern,LabourWirral West,Wirral West,Wirral West,7,35,Esther McVey,ConservativeWitham,Witham,Witham,7,35,Priti Patel,ConservativeWitney,Witney,Witney,10,50,David Cameron,ConservativeWoking,Woking,Woking,10,50,Jonathan Lord,ConservativeWokingham,Wokingham,Wokingham,4,20,John Redwood,ConservativeWolverhampton North East,Wolverhampton North East,Wolverhampton North East,14,70,Emma Reynolds,LabourWolverhampton South East,Wolverhampton South East,Wolverhampton South East,12,60,Pat McFadden,LabourWolverhampton South West,Wolverhampton South West,Wolverhampton South West,17,85,Paul Uppal,ConservativeWorcester,Worcester,Worcester,15,75,Robin Walker,ConservativeWorkington,Workington,Workington,9,45,Tony Cunningham,LabourWorsley and Eccles South,Worsley and Eccles South,Worsley and Eccles South,15,75,Barbara Keeley,LabourWorthing West,Worthing West,Worthing West,15,75,Peter Bottomley,ConservativeWrexham,Wrexham,Wrexham,14,70,Ian Lucas,LabourWycombe,Wycombe,Wycombe,11,55,Steven Baker,ConservativeWyre and Preston North,Wyre and Preston North,Wyre and Preston North,7,35,Ben Wallace,ConservativeWyre Forest,Wyre Forest,Wyre Forest,8,40,Mark Garnier,ConservativeYeovil,Yeovil,Yeovil,10,50,David Laws,Liberal DemocratYork Central,York Central,York Central,27,135,Hugh Bayley,LabourYork Outer,York Outer,York Outer,3,15,Julian Sturdy,ConservativeNorth Tyneside,Tyneside North,,23,115,Mary Glindon,LabourWest Dunbartonshire,Dunbartonshire West,,22,110,Gemma Doyle,LabourWest Suffolk,Suffolk West,,20,100,Matthew Hancock,ConservativeSouth Swindon,Swindon South,,19,95,Robert Buckland,ConservativeNorth Ayrshire and Arran,Ayrshire and Arran North,,15,75,Katy Clark,LabourSouth West Bedfordshire,Bedfordshire South West,,14,70,Andrew Selous,ConservativeNorth Durham,Durham North,,13,65,Kevan Jones,LabourWest Lancashire,Lancashire West,,12,60,Rosie Cooper,LabourNorth Thanet,Thanet North,,12,60,Roger Gale,ConservativeNorth West Cambridgeshire,Cambridgeshire North West,,12,60,Shailesh Vara,ConservativeNorth West Durham,Durham North West,,12,60,Pat Glass,LabourNorth Shropshire,Shropshire North,,12,60,Owen Paterson,ConservativeSouth Thanet,Thanet South,,12,60,Laura Sandys,ConservativeEast Dunbartonshire,Dunbartonshire East,,11,55,Jo Swinson,Liberal DemocratEast Worthing and Shoreham,Worthing and Shoreham East,,11,55,Tim Loughton,ConservativeNorth Swindon,Swindon North,,11,55,Justin Tomlinson,ConservativeSouth Dorset,Dorset South,,11,55,Richard Drax,ConservativeSouth West Hertfordshire,Hertfordshire South West,,10,50,David Gauke,ConservativeNorth West Leicestershire,Leicestershire North West,,10,50,Andrew Bridgen,ConservativeSouth Holland and The Deepings,South Holland & The Deepings,,10,50,John Hayes,ConservativeNorth West Norfolk,Norfolk North West,,9,45,Henry Bellingham,ConservativeNorth Devon,Devon North,,9,45,Nick Harvey,Liberal DemocratNorth East Cambridgeshire,Cambridgeshire North East,,9,45,Stephen Barclay,ConservativeEast Surrey,Surrey East,,9,45,Sam Gyimah,ConservativeNorth West Hampshire,Hampshire North West,,8,40,George Young,ConservativeNorth Warwickshire,Warwickshire North,,8,40,Dan Byles,ConservativeEast Renfrewshire,Renfrewshire East,,8,40,Jim Murphy,LabourSouth West Surrey,Surrey South West,,8,40,Jeremy Hunt,ConservativeNorth Cornwall,Cornwall North,,7,35,Dan Rogerson,Liberal DemocratSouth West Norfolk,Norfolk South West,,7,35,Elizabeth Truss,ConservativeSouth Staffordshire,Staffordshire South,,7,35,Gavin Williamson,ConservativeYnys Mon,Ynys Mon,,7,35,Albert Owen,LabourNorth East Derbyshire,Derbyshire North East,,6,30,Natascha Engel,LabourEast Devon,Devon East,,6,30,Hugo Swire,ConservativeEast Hampshire,Hampshire East,,6,30,Damian Hinds,ConservativeNorth Norfolk,Norfolk North,,6,30,Norman Lamb,Liberal DemocratNorth East Fife,Fife North East,,6,30,Menzies Campbell,Liberal DemocratNorth Somerset,Somerset North,,6,30,Liam Fox,ConservativeSouth West Devon,Devon South West,,6,30,Gary Streeter,ConservativeSouth West Wiltshire,Wiltshire South West,,6,30,Andrew Murrison,ConservativeWest Dorset,Dorset West,,6,30,Oliver Letwin,ConservativeSouth Derbyshire,Derbyshire South,,5,25,Heather Wheeler,ConservativeNorth East Hampshire,Hampshire North East,,5,25,James Arbuthnot,ConservativeNorth Herefordshire,Herefordshire North,,5,25,Bill Wiggin,ConservativeNorth Dorset,Dorset North,,5,25,Robert Walter,ConservativeNorth East Bedfordshire,Bedfordshire North East,,5,25,Alistair Burt,ConservativeSouth Suffolk,Suffolk South,,5,25,Tim Yeo,ConservativeWest Aberdeenshire and Kincardine,Aberdeenshire West and Kincardine,,5,25,Robert Smith,Liberal DemocratWest Worcestershire,Worcestershire West,,5,25,Harriett Baldwin,ConservativeSouth East Cornwall,Cornwall South East,,4,20,Sheryll Murray,ConservativeSouth Leicestershire,Leicestershire South,,4,20,Andrew Robathan,ConservativeNorth East Somerset,Somerset North East,,4,20,Jacob Rees-Mogg,ConservativeSouth Cambridgeshire,Cambridgeshire South,,4,20,Andrew Lansley,ConservativeSouth East Cambridgeshire,Cambridgeshire South East,,4,20,James Paice,ConservativeEast Londonderry,Londonderry East,,3,15,Gregory Campbell,DUPSouth Norfolk,Norfolk South,,3,15,Richard Bacon,ConservativeNorth Antrim,Antrim North,,3,15,Ian Paisley Jnr,DUPNorth Wiltshire,Wiltshire North,,3,15,James Gray,ConservativeSouth Northamptonshire,Northamptonshire Sout,,2,10,Andrea Leadsom,ConservativeSouth Antrim,Antrim South,,2,10,William McCrea,DUPNorth Down,Down North,,1,5,Lady Hermon,IndependentBasildon South & Thurrock East,Basildon South & Thurrock East,,,,,Broadland,Broadland,,,,,East Antrim,Antrim East,,,,,Fermanagh and South Tyrone,Fermanagh and South Tyrone,,,,,Foyle,Foyle,,,,,Hertfordshire,Hertfordshire,,,,,Na h-Eileanan an Iar,Na h-Eileanan an Iar,,,,,Newry and Armagh,Newry and Armagh,,,,,South Down,Down South,,,,,Upper Bann,Upper Bann,,,,,